[{
  "_id": {
    "$oid": "668aa7358347dde5ea24ee86"
  },
  "name": "Crypto.com Arena",
  "location": "Los Angeles, CA",
  "totalSeats": 18,
  "imageUrl": "/images/crypto.com-arena.jpeg",
  "reservations": [],
  "__v": 0
},
{
  "_id": {
    "$oid": "668aa7358347dde5ea24ee85"
  },
  "name": "Target Center",
  "location": "Minneapolis, MN",
  "totalSeats": 18,
  "imageUrl": "/images/target-center.png",
  "reservations": [],
  "__v": 0
},
{
  "_id": {
    "$oid": "668aa7358347dde5ea24ee84"
  },
  "name": "Madison Square Garden",
  "location": "New York, NY",
  "totalSeats": 18,
  "imageUrl": "/images/madison-square-garden.jpg",
  "reservations": [],
  "__v": 0
},
{
  "_id": {
    "$oid": "668aa7358347dde5ea24ee87"
  },
  "name": "De La Salle Arena",
  "location": "Philippines, CA",
  "totalSeats": 18,
  "imageUrl": "/images/delasalle.jpg",
  "reservations": [],
  "__v": 0
},
{
  "_id": {
    "$oid": "668aa7358347dde5ea24ee88"
  },
  "name": "Allianz Arena",
  "location": "Germany",
  "totalSeats": 18,
  "imageUrl": "/images/germany.jpg",
  "reservations": [],
  "__v": 0
}]