[{
  "_id": {
    "$oid": "6690999fc1c5b033adde6486"
  },
  "stadium": {
    "$oid": "668aa7358347dde5ea24ee86"
  },
  "user": {
    "$oid": "66909965c1c5b033adde6472"
  },
  "seatNumber": [
    "A1",
    "B1",
    "D2",
    "C3"
  ],
  "reservedAt": {
    "$date": "2024-07-12T02:49:03.030Z"
  },
  "reservationStart": {
    "$date": "2024-07-25T01:00:00.000Z"
  },
  "reservationEnd": {
    "$date": "2024-07-25T01:30:00.000Z"
  },
  "anonymous": false,
  "removed": false,
  "__v": 0
},
{
  "_id": {
    "$oid": "66909a12c1c5b033adde6496"
  },
  "stadium": {
    "$oid": "668aa7358347dde5ea24ee88"
  },
  "user": {
    "$oid": "669098f3c1c5b033adde645a"
  },
  "seatNumber": [
    "A1",
    "C1",
    "C6",
    "C3"
  ],
  "reservedAt": {
    "$date": "2024-07-12T02:50:58.726Z"
  },
  "reservationStart": {
    "$date": "2024-07-16T09:00:00.000Z"
  },
  "reservationEnd": {
    "$date": "2024-07-16T09:30:00.000Z"
  },
  "anonymous": true,
  "removed": false,
  "__v": 0
},
{
  "_id": {
    "$oid": "66909a24c1c5b033adde64a4"
  },
  "stadium": {
    "$oid": "668aa7358347dde5ea24ee85"
  },
  "user": {
    "$oid": "6690992cc1c5b033adde6468"
  },
  "seatNumber": [
    "A4",
    "D1",
    "D2",
    "D3"
  ],
  "reservedAt": {
    "$date": "2024-07-12T02:51:16.582Z"
  },
  "reservationStart": {
    "$date": "2024-07-24T05:30:00.000Z"
  },
  "reservationEnd": {
    "$date": "2024-07-24T06:00:00.000Z"
  },
  "anonymous": false,
  "removed": false,
  "__v": 0
},
{
  "_id": {
    "$oid": "66909a39c1c5b033adde64b2"
  },
  "stadium": {
    "$oid": "668aa7358347dde5ea24ee84"
  },
  "user": {
    "$oid": "669098afc1c5b033adde644d"
  },
  "seatNumber": [
    "C3",
    "C4"
  ],
  "reservedAt": {
    "$date": "2024-07-12T02:51:37.809Z"
  },
  "reservationStart": {
    "$date": "2024-07-22T05:30:00.000Z"
  },
  "reservationEnd": {
    "$date": "2024-07-22T06:00:00.000Z"
  },
  "anonymous": false,
  "removed": false,
  "__v": 0
},
{
  "_id": {
    "$oid": "66909a5cc1c5b033adde64c4"
  },
  "stadium": {
    "$oid": "668aa7358347dde5ea24ee87"
  },
  "user": {
    "$oid": "6690990fc1c5b033adde6461"
  },
  "seatNumber": [
    "A1",
    "D1",
    "D2"
  ],
  "reservedAt": {
    "$date": "2024-07-12T02:52:12.399Z"
  },
  "reservationStart": {
    "$date": "2024-07-24T07:00:00.000Z"
  },
  "reservationEnd": {
    "$date": "2024-07-24T07:30:00.000Z"
  },
  "anonymous": true,
  "removed": false,
  "__v": 0
}]